Prompt,Image URL,Timestamp
krishna,https://images.unsplash.com/photo-1561176162-0b01b0df76ed?crop=entropy&cs=tinysrgb&fit=max&fm=jpg&ixid=M3w2OTUwNDh8MHwxfHNlYXJjaHwxfHxrcmlzaG5hfGVufDB8fHx8MTczNjQyNjU5MXww&ixlib=rb-4.0.3&q=80&w=1080,2025-01-09 18:13:12.321509
sex,https://images.unsplash.com/photo-1531243501393-a8996d8f527b?crop=entropy&cs=tinysrgb&fit=max&fm=jpg&ixid=M3w2OTUwNDh8MHwxfHNlYXJjaHwxfHxzZXh8ZW58MHx8fHwxNzM2NDI2NjIzfDA&ixlib=rb-4.0.3&q=80&w=1080,2025-01-09 18:13:44.304150
life,https://images.unsplash.com/photo-1518895949257-7621c3c786d7?crop=entropy&cs=tinysrgb&fit=max&fm=jpg&ixid=M3w2OTUwNDh8MHwxfHNlYXJjaHwxfHxsaWZlfGVufDB8fHx8MTczNjQyNjYzM3ww&ixlib=rb-4.0.3&q=80&w=1080,2025-01-09 18:13:54.554959
scenery,https://images.unsplash.com/photo-1707007939503-601df6e27e58?crop=entropy&cs=tinysrgb&fit=max&fm=jpg&ixid=M3w2OTUwNDh8MHwxfHNlYXJjaHwxfHxzY2VuZXJ5fGVufDB8fHx8MTczNjQyNjYzOXww&ixlib=rb-4.0.3&q=80&w=1080,2025-01-09 18:14:00.382474
jungle,https://images.unsplash.com/photo-1470058869958-2a77ade41c02?crop=entropy&cs=tinysrgb&fit=max&fm=jpg&ixid=M3w2OTUwNDh8MHwxfHNlYXJjaHwxfHxqdW5nbGV8ZW58MHx8fHwxNzM2NDg3NTkyfDA&ixlib=rb-4.0.3&q=80&w=1080,2025-01-10 11:09:52.132648
porn,https://images.unsplash.com/photo-1529016176128-4655b18ed7fb?crop=entropy&cs=tinysrgb&fit=max&fm=jpg&ixid=M3w2OTUwNDh8MHwxfHNlYXJjaHwxfHxwb3JufGVufDB8fHx8MTczNjQ4NzYxN3ww&ixlib=rb-4.0.3&q=80&w=1080,2025-01-10 11:10:17.249778
mahakumbh,https://images.unsplash.com/photo-1737303667149-3a600b8d2481?crop=entropy&cs=tinysrgb&fit=max&fm=jpg&ixid=M3w2OTUwNDh8MHwxfHNlYXJjaHwxfHxtYWhha3VtYmh8ZW58MHx8fHwxNzM5MjEyMDIzfDA&ixlib=rb-4.0.3&q=80&w=1080,2025-02-10 23:57:03.699898
life in college,https://images.unsplash.com/photo-1491438590914-bc09fcaaf77a?crop=entropy&cs=tinysrgb&fit=max&fm=jpg&ixid=M3w2OTUwNDh8MHwxfHNlYXJjaHwxfHxsaWZlJTIwaW4lMjBjb2xsZWdlfGVufDB8fHx8MTc0MjQ0OTk3Nnww&ixlib=rb-4.0.3&q=80&w=1080,2025-03-20 11:22:57.084745
"life in a jungle
",https://images.unsplash.com/photo-1491147334573-44cbb4602074?crop=entropy&cs=tinysrgb&fit=max&fm=jpg&ixid=M3w2OTUwNDh8MHwxfHNlYXJjaHwxfHxsaWZlJTIwaW4lMjBhJTIwanVuZ2xlJTBBfGVufDB8fHx8MTc0MjQ0OTk5NXww&ixlib=rb-4.0.3&q=80&w=1080,2025-03-20 11:23:15.476451
"school
",https://images.unsplash.com/photo-1497633762265-9d179a990aa6?crop=entropy&cs=tinysrgb&fit=max&fm=jpg&ixid=M3w2OTUwNDh8MHwxfHNlYXJjaHwxfHxzY2hvb2wlMEF8ZW58MHx8fHwxNzQyNDU1MDMxfDA&ixlib=rb-4.0.3&q=80&w=1080,2025-03-20 12:47:12.192184
school,https://images.unsplash.com/photo-1497633762265-9d179a990aa6?crop=entropy&cs=tinysrgb&fit=max&fm=jpg&ixid=M3w2OTUwNDh8MHwxfHNlYXJjaHwxfHxzY2hvb2x8ZW58MHx8fHwxNzQ0MDkyOTIzfDA&ixlib=rb-4.0.3&q=80&w=1080,2025-04-08 11:45:23.486071
school,https://images.unsplash.com/photo-1497633762265-9d179a990aa6?crop=entropy&cs=tinysrgb&fit=max&fm=jpg&ixid=M3w2OTUwNDh8MHwxfHNlYXJjaHwxfHxzY2hvb2x8ZW58MHx8fHwxNzQ0MDkyOTIzfDA&ixlib=rb-4.0.3&q=80&w=1080,2025-04-08 11:48:48.182244
college student,https://images.unsplash.com/photo-1571260899304-425eee4c7efc?crop=entropy&cs=tinysrgb&fit=max&fm=jpg&ixid=M3w2OTUwNDh8MHwxfHNlYXJjaHwxfHxjb2xsZWdlJTIwc3R1ZGVudHxlbnwwfHx8fDE3NDQwOTMxMzh8MA&ixlib=rb-4.0.3&q=80&w=1080,2025-04-08 11:48:59.131645
